{"n_estimators": 173, "learning_rate": 0.018011774390702603, "num_leaves": 125, "max_depth": 56, "subsample": 0.07855032863600003, "colsample_bytree": 0.26542255346004306, "reg_alpha": 0.9779312450176652, "reg_lambda": 0.7170224140564138, "min_split_gain": 24.767406897306707}