{"n_estimators": 180, "learning_rate": 0.012341422051847944, "num_leaves": 140, "max_depth": 89, "subsample": 0.770162417851829, "colsample_bytree": 0.34080699312246465, "reg_alpha": 0.14063712560224198, "reg_lambda": 0.1835139005016412, "min_split_gain": 21.871982875151687}